{"cameraMode":{"drawMode":0,"name":"Shaded","section":"Shading Mode"},"sceneLighting":true,"audioPlay":false,"sceneViewState":{"m_AlwaysRefresh":false,"showFog":true,"showSkybox":true,"showFlares":true,"showImageEffects":true,"showParticleSystems":true,"showVisualEffectGraphs":true,"m_FxEnabled":false},"in2DMode":false,"pivot":{"x":-93.17709350585938,"y":17.800155639648439,"z":2.414111614227295},"rotation":{"x":0.034821853041648868,"y":0.9646812677383423,"z":-0.1680784970521927,"w":0.1998692750930786},"size":20.147666931152345,"orthographic":true}