{"cameraMode":{"drawMode":0,"name":"Shaded","section":"Shading Mode"},"sceneLighting":false,"audioPlay":false,"sceneViewState":{"m_AlwaysRefresh":false,"showFog":true,"showSkybox":false,"showFlares":true,"showImageEffects":true,"showParticleSystems":true,"showVisualEffectGraphs":true,"m_FxEnabled":false},"in2DMode":false,"pivot":{"x":-4.082607746124268,"y":2.0599536895751955,"z":0.7229506969451904},"rotation":{"x":0.07887890934944153,"y":-0.11576856672763825,"z":0.009223036468029023,"w":0.990096390247345},"size":7.5889058113098148,"orthographic":true}